Dimension,Profil annoncé,Source,Élément observé,Écart?,Justificatif disponible?,Action / question
Activité principale,,,,,,
Pays habituels,,,,,,
Types de clients,,,,,,
Types de fournisseurs,,,,,,
Devises habituelles,,,,,,
Chiffre d'affaires attendu,,,,,,
Montant habituel des encaissements,,,,,,
Montant habituel des paiements,,,,,,
Banques / moyens de paiement,,,,,,
Relations internationales principales,,,,,,
Flux 02.09 CHF 48'000,,,,,,
Flux 08.09 EUR 14'900,,,,,,
Flux 12.09 USD 31'500,,,,,,
Flux 16.09 CHF 22'000,,,,,,
Flux 22.09 EUR 27'800,,,,,,
Flux 29.09 USD 19'500,,,,,,
