Champ;Entreprise individuelle;Atelier Horizon Sàrl;Source;Date vérification;Commentaire / risque
Nom / raison sociale;;;;;
Forme juridique;;;;;
Titulaire / personne morale;;;;;
IDE;;;;;
Date de début / constitution;;;;;
Inscription RC;;;;;
Siège / domicile;;;;;
Personnes autorisées;;;;;
Mode de signature;;;;;
Compte bancaire principal;;;;;
Titulaire du compte bancaire;;;;;
Mandat fiduciaire applicable;;;;;
Période couverte par le mandat;;;;;
TVA / statut à vérifier;;;;;
Contrats structurants;;;;;
Documents de reprise;;;;;
Points ouverts;;;;;
